index,src_out_result,src_ref_result,out_ref_result,HTER
0,[0.38971978],[0.50386119],[0.66617791],10.0
1,[0.13346563],[0.15490023],[0.00617024],26.666666666666668
2,[0.24722918],[0.53884712],[0.24878864],0.0
3,[0.3959707],[0.3992674],[0.88974359],25.0
4,[0.18826608],[0.22558562],[0.30524579],0.0
5,[0.29424501],[0.28584995],[0.57716999],0.0
6,[0.54173669],[0.29047619],[0.40308123],0.0
7,[0.21116809],[0.21709402],[0.29519468],0.0
8,[0.49090909],[0.49090909],[1.],0.0
9,[0.30076712],[0.11120026],[0.20718722],0.0
10,[0.61505376],[0.53175751],[0.56842788],0.0
11,[0.35533769],[0.69869281],[0.42657952],0.0
12,[0.32171277],[0.3804331],[0.43244495],0.0
13,[0.11593386],[0.24691084],[0.13096218],2.5
14,[0.07516623],[0.19494101],[0.18959907],13.043478260869565
15,[0.28597779],[0.43730472],[0.46516093],0.0
16,[0.37316017],[0.37316017],[1.],0.0
17,[0.52773109],[0.25524573],[0.39950344],3.571428571428571
18,[0.18624011],[0.52170623],[0.3494324],0.0
19,[0.28913985],[0.40681348],[0.55271974],0.0
20,[0.31063545],[0.35732441],[0.64909699],40.0
21,[0.35913132],[0.08898195],[0.15684887],54.054054054054056
22,[0.13315412],[0.41891496],[0.16487455],13.043478260869565
23,[0.4504644],[0.44788442],[0.40849673],0.0
24,[0.40196078],[0.43223254],[0.50980392],18.181818181818183
25,[0.44807938],[0.47336954],[0.4495951],19.047619047619047
26,[0.05417014],[0.22065259],[0.16766851],31.818181818181817
27,[0.20216074],[0.33581028],[0.31193676],33.33333333333333
28,[0.44396285],[0.32796698],[0.24912281],14.285714285714285
29,[0.26452312],[0.2377989],[0.78803764],3.8461538461538463
30,[0.38850575],[0.27957185],[0.44832451],44.44444444444444
31,[0.34363969],[0.3739566],[0.46285844],6.521739130434782
32,[0.55362917],[0.46033712],[0.32108703],38.46153846153847
33,[0.33218776],[0.16145802],[0.24227558],5.0
34,[0.34600137],[0.3705172],[0.47496013],0.0
35,[0.61292326],[0.61292326],[1.],0.0
36,[0.24714498],[0.27890248],[0.37803115],8.695652173913043
37,[0.19194429],[0.1256917],[0.03406738],0.0
38,[0.35422602],[0.40729345],[0.61538462],0.0
39,[0.22604931],[0.33303219],[0.38678713],0.0
40,[0.34073656],[0.29512516],[0.27718176],0.0
41,[0.2004577],[0.20859515],[0.41769367],12.12121212121212
42,[0.32007786],[0.23859844],[0.67031887],5.555555555555555
43,[0.31721133],[0.45294118],[0.43115468],0.0
44,[0.4970436],[0.29258813],[0.31355647],0.0
45,[0.380743],[0.22660781],[0.42007187],0.0
46,[0.53100233],[0.53100233],[1.],0.0
47,[0.09153363],[0.22238696],[0.19275551],0.0
48,[0.08774639],[0.33359525],[0.10116733],0.0
49,[0.34680678],[0.15695666],[0.46785598],0.0
50,[0.43183286],[0.38017094],[0.69838557],0.0
51,[0.23835743],[0.20847238],[0.46384872],0.0
52,[0.15811318],[0.16402602],[0.24570566],0.0
53,[0.44135323],[0.51338634],[0.71372584],16.666666666666664
54,[0.32576897],[0.25340624],[0.7105491],0.0
55,[0.60745921],[0.47132867],[0.7016317],0.0
56,[0.57037037],[0.35892256],[0.63501684],0.0
57,[0.23937709],[0.1814238],[0.39495736],0.0
58,[0.37032967],[0.46776557],[0.34285714],55.55555555555556
59,[0.1081621],[0.15857184],[0.49486727],2.941176470588235
60,[0.35344482],[0.54104794],[0.44093645],12.5
61,[0.3501892],[0.26006192],[0.29790162],9.090909090909092
62,[0.30184778],[0.33916158],[0.66938543],0.0
63,[0.08351872],[0.32237671],[0.06444197],17.391304347826086
64,[0.50153178],[0.14211018],[0.21359679],22.727272727272727
65,[0.23113031],[0.24522066],[0.51235306],0.0
66,[0.2845581],[0.10396182],[0.30867978],7.4074074074074066
67,[0.53992674],[0.53992674],[1.],0.0
68,[0.12087912],[0.18548119],[0.84215784],0.0
69,[0.11948339],[0.13680598],[0.21822574],0.0
70,[0.26734732],[0.10279016],[0.20868649],2.941176470588235
71,[0.36358543],[0.60504202],[0.58263305],0.0
72,[0.22860963],[0.17011714],[0.27012987],0.0
73,[0.33290958],[0.31339584],[0.8182319],0.0
74,[0.31038936],[0.25967711],[0.60376068],4.545454545454546
75,[0.24990061],[0.11181245],[0.31615559],5.0
76,[0.37126962],[0.50668449],[0.41673854],0.0
77,[0.0301965],[0.20090188],[0.3498239],0.0
78,[0.32262187],[0.44776355],[0.17852288],0.0
79,[0.09536522],[0.40066741],[0.31672228],0.0
80,[0.16842737],[0.22102708],[0.49755636],0.0
81,[0.3761479],[0.38203491],[0.55356079],0.0
82,[0.16801177],[0.14673939],[0.47937617],0.0
83,[0.32490061],[0.27180946],[0.31886056],0.0
84,[0.63760684],[0.61514042],[0.7040293],0.0
85,[0.53943158],[0.47048121],[0.54583098],0.0
86,[0.20816864],[0.19675011],[0.41489428],0.0
87,[0.44410045],[0.42401101],[0.9124871],0.0
88,[0.25799794],[0.52751978],[0.43223254],0.0
89,[0.48739496],[0.14761905],[0.24957983],0.0
90,[0.32084124],[0.27923926],[0.65758151],0.0
91,[-0.01591673],[0.10240602],[0.00951501],11.940298507462686
92,[0.20983856],[0.23756885],[0.43118708],0.0
93,[0.11028891],[0.14738692],[0.34539403],0.0
94,[0.3655339],[0.36702892],[0.64542004],20.833333333333336
95,[0.38528139],[0.38528139],[1.],0.0
96,[0.60014713],[0.10705939],[0.16627338],19.23076923076924
97,[0.38813701],[0.35605681],[0.71105542],0.0
98,[0.20163343],[0.31023742],[0.26575499],0.0
99,[0.34400871],[0.39803922],[0.81481481],0.0
100,[0.3495289],[0.29132926],[0.11969697],0.0
101,[0.75218855],[0.75218855],[1.],0.0
102,[0.30913978],[0.27043011],[0.48049685],0.0
103,[0.33517323],[0.34108197],[0.87697009],0.0
104,[0.3009361],[0.11244607],[0.17626374],0.0
105,[0.31530788],[0.31530788],[1.],0.0
106,[0.06674082],[0.19425287],[0.54249166],0.0
107,[0.18688409],[0.11645977],[0.2703378],0.0
108,[0.46610671],[0.32076136],[0.33779494],0.0
109,[0.28510164],[0.28499025],[0.80228349],20.0
110,[0.14200572],[0.15280667],[0.26908715],0.0
111,[0.14963298],[0.16619612],[0.89294184],0.0
112,[0.17108978],[0.17108978],[1.],0.0
113,[0.40488476],[0.39029928],[0.92707258],0.0
114,[0.31458548],[0.31458548],[1.],0.0
115,[0.07902796],[0.11215649],[0.38180723],0.0
116,[0.16911726],[0.23193676],[0.27272727],0.0
117,[0.60629515],[0.66477468],[0.53835569],0.0
118,[0.28563625],[0.21876258],[0.41274222],0.0
119,[0.25003218],[0.19902361],[0.25924387],0.0
120,[0.44805642],[0.51719986],[0.45889233],0.0
121,[0.45699649],[0.32490474],[0.51047518],0.0
122,[0.68487395],[0.71652661],[0.76946779],0.0
123,[0.18422147],[0.15773425],[0.10412518],7.6923076923076925
124,[0.52894615],[0.20491769],[0.29866813],10.0
125,[0.21212121],[0.32841194],[0.25614035],0.0
126,[0.39004956],[0.31011983],[0.75381141],0.0
127,[0.15870916],[0.22519039],[0.26679059],0.0
128,[0.63442266],[0.47429194],[0.5540305],0.0
129,[0.26233946],[0.21799401],[0.38043628],7.4074074074074066
130,[0.14906929],[-0.0006995],[0.25740923],0.0
131,[0.31372877],[0.61303258],[0.40128098],0.0
132,[0.21171378],[0.26504258],[0.64421809],0.0
133,[0.49081795],[0.42346776],[0.73962178],0.0
134,[0.61571762],[0.51115551],[0.74225774],25.0
135,[0.46721706],[0.40171999],[0.42676299],0.0
136,[0.19306637],[0.21692621],[0.32330367],0.0
137,[0.12666432],[0.35900152],[0.10172034],6.153846153846154
138,[0.37516165],[0.2722408],[0.51179487],15.789473684210526
139,[0.40518996],[0.29075267],[0.37414565],0.0
140,[0.29310772],[0.20420476],[0.44168858],0.0
141,[0.48239316],[0.2386162],[0.28670737],11.11111111111111
142,[0.15605908],[0.34587196],[0.12900642],10.714285714285714
143,[0.17208301],[0.50119269],[0.1707189],16.0
144,[0.21454036],[0.45627706],[0.36681946],11.538461538461538
145,[0.51111111],[0.53333333],[0.92121212],0.0
146,[0.5859944],[0.5859944],[1.],20.0
147,[0.06212142],[0.13330407],[0.34406308],10.0
148,[0.24843215],[0.25907773],[0.89111989],0.0
149,[-0.08872101],[0.26132867],[0.1352006],6.25
150,[0.31757576],[0.33765481],[0.88337286],0.0
151,[0.27003784],[0.40915033],[0.55514276],0.0
152,[0.08107258],[0.27064258],[0.24049287],5.88235294117647
153,[0.17599],[0.02083475],[0.40131117],13.79310344827586
154,[0.19531915],[0.17373571],[0.17993342],26.666666666666668
155,[0.39418817],[0.21521823],[0.29380207],10.714285714285714
156,[0.7624699],[0.41021672],[0.46921225],0.0
157,[0.43433093],[0.400344],[0.48083935],0.0
158,[0.21611462],[0.43855627],[0.1663283],0.0
159,[0.36894576],[0.21720143],[0.44759358],4.0
160,[0.4128474],[0.18337228],[0.19105299],42.85714285714285
161,[0.15453637],[0.07379197],[0.05701321],27.58620689655172
162,[0.02536034],[0.23048854],[0.26520989],0.0
163,[0.5603882],[0.15007781],[0.2076281],0.0
164,[0.3348474],[0.1270219],[0.26687715],13.953488372093023
165,[0.35245624],[0.23049125],[0.2638434],7.142857142857142
166,[0.24099225],[0.25289323],[0.55233553],0.0
167,[0.56353629],[0.5748194],[0.89762642],0.0
168,[0.27873518],[0.30693017],[0.27267457],13.333333333333334
169,[0.36129155],[0.32368471],[0.88330484],0.0
170,[0.46732026],[0.34640523],[0.64248366],0.0
171,[0.34127867],[0.36466974],[0.08999417],0.0
172,[0.25610422],[0.32949491],[0.31345481],0.0
173,[0.3743247],[0.42311334],[0.56691729],21.428571428571427
174,[0.25606838],[0.25219373],[0.91133903],0.0
175,[0.34009609],[0.21919358],[0.33977985],0.0
176,[0.39805068],[0.39805068],[1.],0.0
177,[0.24344649],[0.1358955],[0.19225932],7.6923076923076925
178,[0.23953482],[0.25717325],[0.29456328],9.523809523809524
179,[0.28657039],[0.31219738],[0.37661572],13.043478260869565
180,[0.24248366],[0.38344227],[0.74270153],8.333333333333332
181,[0.17559355],[0.19052776],[0.77690035],3.125
182,[0.5043956],[0.5043956],[1.],0.0
183,[0.77989418],[0.77989418],[1.],0.0
184,[0.35921856],[0.41929182],[0.5042735],0.0
185,[0.34131407],[0.37887857],[0.53670451],33.33333333333333
186,[0.13050229],[0.3810319],[0.31756738],14.285714285714285
187,[0.3743247],[0.20144806],[0.38223336],9.090909090909092
188,[0.41656392],[0.29947884],[0.36660413],3.0303030303030303
189,[0.41192141],[0.41192141],[1.],0.0
190,[0.09452761],[0.03138765],[0.18269415],12.5
191,[0.29265315],[0.33691295],[0.38308467],10.714285714285714
192,[0.34312065],[0.35805258],[0.31275488],0.0
193,[0.51904762],[0.44565826],[0.48795518],0.0
194,[0.3100095],[0.34328585],[0.38780627],0.0
195,[0.0770226],[0.06293485],[0.21999885],0.0
196,[0.2251472],[0.10837607],[0.47206078],16.666666666666664
197,[0.25459102],[0.29095466],[0.58632946],20.0
198,[0.18459156],[0.48578576],[0.35076685],11.538461538461538
199,[0.3993763],[0.39987948],[0.57019083],2.1739130434782608
200,[0.1671678],[0.20997715],[0.53343268],1.851851851851852
201,[0.31007912],[0.31737186],[0.80254558],33.33333333333333
202,[0.1214374],[0.21330406],[0.2880107],6.896551724137931
203,[0.30880713],[0.29538462],[0.450301],0.0
204,[0.06756959],[0.26715379],[0.35830567],0.0
205,[0.32722034],[0.30373856],[0.63807127],0.0
206,[0.38589611],[0.31021672],[0.45896113],0.0
207,[0.46586747],[0.46586747],[1.],0.0
208,[0.47424556],[0.24211055],[0.24725516],6.666666666666667
209,[0.56270396],[0.5981352],[0.85081585],0.0
210,[0.5504644],[0.53849329],[0.86941864],0.0
211,[0.41072261],[0.6969697],[0.55897436],0.0
212,[0.30353342],[0.27183604],[0.71297209],0.0
213,[0.06701033],[0.07000928],[0.69360454],7.142857142857142
214,[0.05071225],[0.51639126],[0.00866097],0.0
215,[0.32408964],[0.58235294],[0.37815126],30.76923076923077
216,[0.28705548],[0.28705548],[1.],0.0
217,[0.2635549],[0.14941349],[0.22056044],0.0
218,[0.60932401],[0.60932401],[1.],0.0
219,[0.22539144],[0.1464882],[0.2102914],0.0
220,[0.27068334],[0.15503909],[0.26577127],40.909090909090914
221,[0.13556069],[0.1340487],[0.35097731],0.0
222,[0.11317509],[0.05589955],[0.27812178],25.0
223,[0.17550325],[0.23819254],[0.37425044],0.0
224,[0.14006586],[0.33166461],[0.21684728],6.8181818181818175
225,[0.38898551],[0.38898551],[1.],0.0
226,[0.15488597],[0.06648304],[0.3024406],2.127659574468085
227,[0.37589428],[0.16573251],[0.48544087],6.666666666666667
228,[0.61438561],[0.61238761],[0.54245754],0.0
229,[0.2421964],[0.23754842],[0.36942356],0.0
230,[0.43227819],[0.24450865],[0.30512909],7.142857142857142
231,[0.12499443],[0.18283166],[0.5077369],15.789473684210526
232,[0.28586171],[0.33649811],[0.66673547],10.0
233,[0.40017837],[0.23995541],[0.4477146],0.0
234,[0.62455026],[0.22891331],[0.27876272],0.0
235,[0.35764482],[0.25253561],[0.31126306],0.0
236,[0.26811146],[0.54592363],[0.33168215],0.0
237,[0.444767],[0.32493563],[0.48208132],0.0
238,[0.33320785],[0.27944037],[0.49727085],0.0
239,[0.30647673],[0.16710351],[0.16919278],0.0
240,[0.29447293],[0.50355176],[0.32801519],11.11111111111111
241,[0.32939098],[0.27535006],[0.5929201],2.857142857142857
242,[0.7953602],[0.79291819],[0.95555556],28.57142857142857
243,[0.15904385],[0.19762846],[0.74333396],0.0
244,[0.25962416],[0.39733064],[0.42548384],0.0
245,[0.28086884],[0.28476747],[0.34825954],0.0
246,[0.33027593],[0.14899597],[0.17407189],0.0
247,[0.62315101],[0.55641555],[0.54729962],0.0
248,[0.2760936],[0.31423844],[0.28855798],0.0
249,[0.7995338],[0.83030303],[0.9039627],0.0
250,[0.39519387],[0.49281525],[0.67546432],0.0
251,[0.1478223],[0.2386578],[0.24458564],40.0
252,[0.26839321],[0.19186856],[0.4384851],36.36363636
253,[0.41282051],[0.38131868],[0.38315018],33.33333333
254,[0.09864936],[0.10793483],[0.31542862],18.42105263
255,[0.27278253],[0.25473884],[0.59160494],10.52631579
256,[0.53137255],[0.26778711],[0.39187675],37.5
257,[0.1968471],[0.21105413],[0.28509022],14.28571429
258,[0.45723906],[0.45723906],[1.],50.0
259,[0.17585713],[0.07891061],[0.23006928],27.5862069
260,[0.37289403],[0.32787074],[0.57802887],7.407407407
261,[0.19910888],[0.18618769],[0.50119744],41.66666667
262,[0.29827516],[0.35915681],[0.41304928],4.347826087
263,[0.09654945],[0.18450503],[0.1007907],30.0
264,[0.03766624],[0.08588589],[0.63699338],43.47826087
265,[0.25447017],[0.13570487],[0.49438484],18.75
266,[0.25127047],[0.25127047],[1.],5.555555556
267,[0.51655208],[0.20988032],[0.35762669],14.28571429
268,[0.1935394],[0.45920356],[0.38412698],33.33333333
269,[0.26381831],[0.18288475],[0.78919631],23.07692308
270,[0.27924027],[0.24383666],[0.86415954],26.66666667
271,[0.24074697],[0.25783647],[0.12089636],5.405405405
272,[0.15646024],[0.24230924],[0.22425392],17.39130435
273,[0.37588415],[0.7411306],[0.3090504],9.090909091
274,[0.48985208],[0.48985208],[1.],18.18181818
275,[0.34564252],[0.35731922],[0.40993736],4.761904762
276,[0.07727971],[0.11666322],[0.51792278],31.81818182
277,[0.15919732],[0.25953177],[0.67562988],16.66666667
278,[0.29803922],[0.13193277],[0.24285714],7.142857143
279,[0.16423065],[0.25002912],[0.42260595],3.846153846
280,[0.29423224],[0.20500382],[0.24863764],11.11111111
281,[0.31576788],[0.37864151],[0.4404485],4.347826087
282,[0.60605435],[0.60605435],[1.],15.38461538
283,[0.31090339],[0.17967736],[0.21788102],2.5
284,[0.36258829],[0.37425382],[0.7021645],21.42857143
285,[0.62639989],[0.62639989],[1.],13.33333333
286,[0.20255784],[0.26933855],[0.38616813],8.695652174
287,[0.0566416],[0.13684211],[0.24174072],23.07692308
288,[0.34018217],[0.47300465],[0.65205676],6.666666667
289,[0.25194805],[0.3102955],[0.50272915],11.76470588
290,[0.32768681],[0.27166071],[0.27881297],5.882352941
291,[0.19702003],[0.19505565],[0.82080918],24.24242424
292,[0.28750407],[0.19179778],[0.68200832],22.22222222
293,[0.21878225],[0.49054008],[0.25696594],18.18181818
294,[0.48322411],[0.24854409],[0.30064477],12.0
295,[0.37815126],[0.22768299],[0.41862321],7.407407407
296,[0.47878788],[0.47878788],[1.],42.85714286
297,[0.03895331],[0.17733704],[0.25310112],16.21621622
298,[0.53414305],[0.17256838],[0.14252329],14.81481481
299,[0.35029326],[0.14522646],[0.45273705],26.08695652
300,[0.47483381],[0.3894397],[0.70408357],15.78947368
301,[0.22773452],[0.20585836],[0.47148684],11.76470588
302,[0.14157452],[0.18740598],[0.07280433],21.15384615
303,[0.43082284],[0.50884779],[0.69404687],10.0
304,[0.36206788],[0.21544639],[0.52236652],12.5
305,[0.6],[0.54032634],[0.64941725],20.0
306,[0.58114478],[0.36161616],[0.57306397],20.0
307,[0.24784946],[0.17949574],[0.39330738],8.0
308,[0.33284493],[0.28644689],[0.21611722],33.33333333
309,[0.16007812],[0.21885428],[0.24436564],14.70588235
310,[0.32142698],[0.51210702],[0.4148495],18.75
311,[0.10498468],[0.3839042],[0.40339738],18.18181818
312,[0.31239723],[0.34638991],[0.40232804],37.5
313,[0.13176931],[0.31028022],[0.16511893],4.347826087
314,[0.50139047],[0.16770889],[0.26243218],27.27272727
315,[0.22879115],[0.22288192],[0.50028686],11.76470588
316,[0.32252252],[0.30480733],[0.19124839],33.33333333
317,[0.54627595],[0.62832723],[0.57411477],45.45454545
318,[0.14219114],[0.34665335],[0.4958375],40.0
319,[0.18323992],[0.09659457],[0.24499398],8.333333333
320,[0.14777688],[0.12501266],[0.32673397],2.941176471
321,[0.42717087],[0.66246499],[0.54677871],37.5
322,[0.2388422],[0.15843024],[0.30997369],33.33333333
323,[0.34335505],[0.34214736],[0.78712856],15.0
324,[0.31779677],[0.25299145],[0.60007597],9.090909091
325,[0.21655235],[0.1456541],[0.13490623],10.0
326,[0.40375605],[0.44713522],[0.40910364],7.407407407
327,[0.07040768],[0.22220241],[0.45639529],7.142857143
328,[0.31460182],[0.4449457],[0.18300255],9.090909091
329,[0.028739],[0.29864777],[0.30676116],28.57142857
330,[0.06901847],[0.13201172],[0.47937733],11.42857143
331,[0.37952928],[0.36984735],[0.55886395],5.0
332,[0.12310974],[0.17120706],[0.3625328],8.333333333
333,[0.33377102],[0.2725827],[0.31805814],11.53846154
334,[0.47545788],[0.63736264],[0.68864469],12.5
335,[0.46381766],[0.39175689],[0.39893637],31.25
336,[0.29807391],[0.22008909],[0.3576134],5.882352941
337,[0.41148951],[0.4251118],[0.90134159],12.5
338,[0.10712074],[0.51867905],[0.29865841],60.0
339,[0.46638655],[0.16246499],[0.2535014],25.0
340,[0.28416094],[0.32105933],[0.71398014],13.04347826
341,[0.00766931],[0.08258095],[0.05687312],2.985074627
342,[0.21527066],[0.26036087],[0.59487179],37.5
343,[0.15876915],[0.13559378],[0.37672137],7.272727273
344,[0.36439825],[0.46472313],[0.69152148],12.5
345,[0.37662338],[0.37662338],[1.],10.0
346,[0.53526636],[0.13860752],[0.15653469],11.53846154
347,[0.32194122],[0.26680337],[0.59763044],7.142857143
348,[0.20026048],[0.29683354],[0.30282458],26.66666667
349,[0.34422658],[0.40174292],[0.81917211],16.66666667
350,[0.33028491],[0.20575365],[0.02461453],17.85714286
351,[0.74680135],[0.74680135],[1.],20.0
352,[0.28193231],[0.25411304],[0.7681445],23.80952381
353,[0.33719144],[0.34430787],[0.8682245],10.71428571
354,[0.41723113],[0.1011063],[0.01884956],45.0
355,[0.083527],[0.083527],[1.],6.666666667
356,[0.13511586],[0.09006027],[0.61029907],7.407407407
357,[0.2069393],[0.13074134],[0.28862404],6.060606061
358,[0.44643069],[0.34463967],[0.47327618],26.92307692
359,[0.35052387],[0.132066],[0.35190413],6.666666667
360,[0.05936873],[0.15506903],[0.24096576],10.0
361,[0.13539118],[0.18388858],[0.89779785],23.52941176
362,[0.0490524],[0.0490524],[1.],23.07692308
363,[0.35126706],[0.34413812],[0.90955166],18.18181818
364,[0.3250774],[0.3250774],[1.],27.27272727
365,[0.04870651],[0.07907212],[0.4289431],10.25641026
366,[0.17409142],[0.22274247],[0.21921962],9.090909091
367,[0.30416237],[0.68049536],[0.24719642],33.33333333
368,[0.28550687],[0.22028636],[0.42753436],8.0
369,[0.26582771],[0.12992629],[0.19012152],17.94871795
370,[0.5369797],[0.60388717],[0.48142415],23.07692308
371,[0.41019215],[0.2789993],[0.51643072],11.53846154
372,[0.63703704],[0.64379085],[0.72614379],9.090909091
373,[0.19215086],[0.14342196],[0.11571653],0.0
374,[0.48564917],[0.15184371],[0.36397232],5.0
375,[0.23116883],[0.34837093],[0.26689451],12.5
376,[0.4398946],[0.36100132],[0.53797101],15.78947368
377,[0.16158309],[0.16708633],[0.26698834],6.52173913
378,[0.33952528],[0.26535948],[0.4376333],9.090909091
379,[0.24817499],[0.23755954],[0.39439595],7.407407407
380,[0.06364764],[0.01746377],[0.18842958],12.76595745
381,[0.30239036],[0.41870883],[0.36630905],25.0
382,[0.15331466],[0.27938022],[0.326005],3.703703704
383,[0.51114149],[0.42128047],[0.69487355],7.692307692
384,[0.57264957],[0.46080586],[0.69084249],12.5
385,[0.29289891],[0.23820663],[0.45831245],11.76470588
386,[0.26154987],[0.23670745],[0.43062662],33.33333333
387,[0.11046085],[0.31979538],[0.12559509],16.92307692
388,[0.32963211],[0.20374582],[0.43950948],10.52631579
389,[0.4188069],[0.36179529],[0.34811378],9.523809524
390,[0.32450344],[0.23965201],[0.45747729],14.70588235
391,[0.45096179],[0.23878788],[0.39667984],11.11111111
392,[0.16117264],[0.29441361],[0.12687413],42.85714286
393,[0.22473648],[0.47000036],[0.21133603],8.0
394,[0.08873084],[0.09300278],[0.38775768],38.46153846
395,[0.08013468],[0.08956229],[0.92861953],57.14285714
396,[0.5535014],[0.5535014],[1.],0.0
397,[0.05589754],[0.14531408],[0.30689512],10.0
398,[0.29021182],[0.33855072],[0.60615385],7.142857143
399,[-0.07122349],[0.15594271],[0.18518861],21.875
400,[0.25603582],[0.26287342],[0.90707367],21.05263158
401,[0.26590987],[0.49184727],[0.32741658],40.0
402,[0.1178955],[0.21304386],[0.24212187],8.823529412
403,[0.11290606],[0.08055199],[0.50580868],8.620689655
404,[0.19944131],[0.2486409],[0.18981039],6.666666667
405,[0.39231332],[0.24938047],[0.32492492],25.0
406,[0.71963241],[0.42946255],[0.42021721],13.33333333
407,[0.39566563],[0.35190918],[0.53023736],23.07692308
408,[0.19281403],[0.36037645],[0.14354325],16.66666667
409,[0.35921823],[0.22094474],[0.43850267],8.0
410,[0.16184119],[0.31897421],[0.31268613],10.71428571
411,[0.04992594],[0.01595076],[0.50045752],24.13793103
412,[0.03956325],[0.22734481],[0.26178547],5.263157895
413,[0.50486376],[0.15755878],[0.29009988],9.677419355
414,[0.3352566],[0.11607405],[0.35525946],20.93023256
415,[0.34454318],[0.31373889],[0.37571201],7.142857143
416,[0.24533273],[0.2567189],[0.54925682],3.333333333
417,[0.54743722],[0.34791882],[0.30595115],27.27272727
418,[0.28653491],[0.34245059],[0.30587615],26.66666667
419,[0.38555963],[0.25649166],[0.44621897],19.04761905
420,[0.4869281],[0.34270153],[0.63660131],9.090909091
421,[0.34047089],[0.35767519],[0.10945495],4.347826087
422,[0.17827625],[0.20233432],[0.83168107],10.0
423,[0.38969646],[0.43547758],[0.35472013],35.71428571
424,[0.2882564],[0.28847534],[0.92587727],9.523809524
425,[0.30926956],[0.23778272],[0.36688914],23.80952381
426,[0.51423002],[0.51423002],[1.],13.33333333
427,[0.14041525],[0.13014698],[0.20928838],10.25641026
428,[0.13276302],[0.3050294],[0.22370101],14.28571429
429,[0.27618486],[0.2355971],[0.39589912],4.347826087
430,[0.12194702],[0.34829721],[0.4754042],16.66666667
431,[0.18957604],[0.15879438],[0.46365642],9.375
432,[0.43613445],[0.43613445],[1.],44.44444444
433,[0.2911726],[0.2911726],[1.],25.0
434,[0.32112332],[0.41538462],[0.47399267],20.0
435,[0.30348092],[0.39916458],[0.52715121],16.66666667
436,[0.12834401],[0.2388628],[0.47579157],2.857142857
437,[0.37878028],[0.19420774],[0.33400167],0.0
438,[0.41787427],[0.30950296],[0.37243515],12.12121212
439,[0.57069597],[0.43394383],[0.53113553],50.0
440,[0.10193418],[0.06855727],[0.33263471],2.5
441,[0.28483023],[0.30358855],[0.56146782],21.42857143
442,[0.34500282],[0.3747412],[0.27624067],20.0
443,[0.4952381],[0.49915966],[0.62745098],22.22222222
444,[0.23962556],[0.31132275],[0.39399267],6.25
445,[0.09126847],[0.06606866],[0.21716693],5.263157895
446,[0.30501672],[0.10657748],[0.45881828],11.11111111
447,[0.20464798],[0.37370699],[0.37215767],13.33333333
448,[0.10368248],[0.19717227],[0.53261977],19.23076923
449,[0.40390277],[0.32036998],[0.3123419],6.52173913
450,[0.24097444],[0.26967962],[0.52846203],3.703703704
451,[0.26659787],[0.25228758],[0.53381493],77.77777778
452,[0.10635146],[0.13604733],[0.31067308],17.24137931
453,[0.30573021],[0.35215162],[0.66497213],13.33333333
454,[0.05012705],[0.27073632],[0.36384968],4.0
455,[0.31732166],[0.24680334],[0.58899063],16.66666667
456,[0.42701197],[0.38134224],[0.41275411],33.33333333
457,[0.15054945],[0.15054945],[1.],42.85714286
458,[0.44137022],[0.39702616],[0.41765481],6.666666667
459,[0.63569764],[0.61838162],[0.55377955],11.11111111
460,[0.65641555],[0.68407293],[0.75383557],8.333333333
461,[0.30536131],[0.71561772],[0.4045954],0.0
462,[0.2352561],[0.20042375],[0.64536257],30.0
463,[0.06110807],[0.06088193],[0.7468359],14.28571429
464,[0.06548908],[0.50632479],[0.01458689],7.142857143
465,[0.56828345],[0.43653251],[0.29033368],38.46153846
466,[0.23504071],[0.23504071],[1.],8.695652174
467,[0.29304269],[0.09549941],[0.1658136],3.846153846
468,[0.64102564],[0.64102564],[1.],12.5
469,[0.22921583],[0.13317538],[0.19961046],2.857142857
470,[0.27200258],[0.14347466],[0.29981895],36.36363636
471,[0.08595236],[0.11701301],[0.36794786],9.756097561
472,[0.16669451],[0.13873573],[0.39058758],50.0
473,[0.2811774],[0.23293803],[0.64850696],5.263157895
474,[0.14201387],[0.21547526],[0.30539339],4.545454545
475,[0.38693423],[0.38693423],[1.],29.41176471
476,[0.15950116],[0.07154527],[0.3214321],4.255319149
477,[0.36668945],[0.46712235],[0.24830257],26.66666667
478,[0.66433566],[0.62703963],[0.54312354],11.11111111
479,[0.38332392],[0.40703934],[0.61520798],25.0
480,[0.41661779],[0.28128055],[0.37130987],46.42857143
481,[0.20638177],[0.22283001],[0.24319088],42.10526316
482,[0.28943928],[0.33966288],[0.66329549],0.0
483,[0.37480491],[0.22028986],[0.43139353],10.0
484,[0.70341066],[0.24721205],[0.35254375],4.761904762
485,[0.35977208],[0.25111925],[0.2997965],5.0
486,[0.27870657],[0.25971792],[0.8123151],23.07692308
487,[0.39886258],[0.32493563],[0.45505475],0.0
488,[0.29512516],[0.24505929],[0.50047054],27.77777778
489,[0.3168471],[0.17610636],[0.17382716],4.347826087
490,[0.28528015],[0.48877493],[0.3297246],11.11111111
491,[0.32936647],[0.27443903],[0.60357059],11.42857143
492,[0.79145299],[0.81440781],[0.80512821],0.0
493,[0.16126482],[0.20231884],[0.75762846],26.66666667
494,[0.35746518],[0.32012406],[0.43793712],9.090909091
495,[0.40628647],[0.26263881],[0.36216827],6.666666667
496,[0.30592885],[0.13253534],[0.16364384],6.060606061
497,[0.59683523],[0.57258342],[0.5374957],7.692307692
498,[0.24106561],[0.24981756],[0.33968206],8.823529412
499,[0.51781552],[0.45587746],[0.73026973],66.66666667
